{"_step": 23, "_runtime": 48.03048491477966, "global_step": 19, "val_image": {"_type": "image-file", "path": "media/images/val_image_0_f256758d.png", "sha256": "f256758d423bf24ba61adc24891714101450798666d72025cc318a980773de45", "size": 173774, "format": "png", "width": 1034, "height": 4130}, "_timestamp": 1675995370.7030013, "val_cmd_pred_loss": 0.19786009192466736, "val_loss": 0.60223788022995, "val_cmd_loss": 1.4465142488479614, "val_point_loss": 0.4575864374637604, "loss_cmd": 1.5603688955307007, "loss": 0.5725115537643433, "point_loss": 0.4164746403694153, "train_image": {"_type": "image-file", "path": "media/images/train_image_2_b8355a61.png", "sha256": "b8355a61a55b9b65b5c164ba4bbdedf70f9dd05cebe234797cfaeb5efb831c91", "size": 195995, "format": "png", "width": 1034, "height": 4130}}
